Player,Pos,G,MP,FG,FGA,FG%,3P,3PA,3P%,2P,2PA,2P%,eFG%,FT,FTA,FT%,ORB,DRB,TRB,AST,STL,BLK,TOV,PF,PTS,MVP Eligibility,Tot_OFF,Tot_DEF
Bam Adebayo,C,75,34.6,8.0,14.9,0.54,0.0,0.2,0.083,8.0,14.7,0.545,0.541,4.3,5.4,0.806,2.5,6.7,9.2,3.2,1.2,0.8,2.5,2.8,20.4,Yes,26.099999999999998,8.7
Santi Aldama,PF,77,21.8,3.2,6.8,0.47,1.2,3.5,0.353,2.0,3.4,0.591,0.56,1.4,1.9,0.75,1.1,3.7,4.8,1.3,0.6,0.6,0.8,1.9,9.0,Yes,11.4,4.9
Grayson Allen,SG,72,27.4,3.4,7.7,0.44,2.0,5.1,0.399,1.4,2.7,0.518,0.571,1.6,1.8,0.905,0.8,2.4,3.3,2.3,0.9,0.2,1.0,1.6,10.4,Yes,13.5,3.5
Jarrett Allen,C,68,32.6,5.9,9.2,0.644,0.0,0.1,0.1,5.9,9.1,0.653,0.645,2.4,3.3,0.733,3.3,6.5,9.8,1.7,0.8,1.2,1.4,2.3,14.3,Yes,19.3,8.5
Kyle Anderson,PF,69,28.4,3.7,7.2,0.509,0.6,1.5,0.41,3.0,5.7,0.536,0.553,1.4,2.0,0.735,1.0,4.4,5.3,4.9,1.1,0.9,1.5,2.1,9.4,Yes,15.3,6.4
OG Anunoby,SF,67,35.6,6.3,13.2,0.476,2.1,5.5,0.387,4.2,7.7,0.539,0.556,2.1,2.5,0.838,1.4,3.5,5.0,2.0,1.9,0.7,2.0,3.0,16.8,Yes,20.2,6.1
Deni Avdija,SF,76,26.6,3.3,7.6,0.437,0.9,3.1,0.297,2.4,4.6,0.53,0.497,1.6,2.2,0.739,1.0,5.4,6.4,2.8,0.9,0.4,1.6,2.8,9.2,Yes,13.0,6.7
Deandre Ayton,C,67,30.4,7.8,13.2,0.589,0.1,0.4,0.292,7.7,12.9,0.597,0.592,2.3,3.0,0.76,2.6,7.4,10.0,1.7,0.6,0.8,1.8,2.8,18.0,Yes,22.3,8.8
Paolo Banchero,PF,72,33.8,6.7,15.6,0.427,1.2,4.0,0.298,5.5,11.6,0.471,0.465,5.5,7.4,0.738,1.2,5.7,6.9,3.7,0.8,0.5,2.8,2.2,20.0,Yes,24.9,7.0
Harrison Barnes,PF,82,32.5,4.6,9.6,0.473,1.6,4.3,0.374,3.0,5.3,0.553,0.556,4.3,5.0,0.847,1.1,3.4,4.5,1.6,0.7,0.1,1.0,1.3,15.0,Yes,17.700000000000003,4.2
Scottie Barnes,SF,77,34.8,6.0,13.2,0.456,0.8,2.9,0.281,5.2,10.3,0.505,0.487,2.5,3.2,0.772,2.3,4.3,6.6,4.8,1.1,0.8,2.0,2.2,15.3,Yes,22.400000000000002,6.2
RJ Barrett,SG,73,33.9,7.0,16.1,0.434,1.7,5.3,0.31,5.3,10.8,0.495,0.485,4.0,5.4,0.74,0.8,4.2,5.0,2.8,0.4,0.2,2.2,2.5,19.6,Yes,23.200000000000003,4.800000000000001
Keita Bates-Diop,PF,67,21.7,3.5,6.9,0.508,0.8,2.1,0.394,2.7,4.8,0.557,0.568,1.8,2.2,0.793,1.0,2.7,3.7,1.5,0.7,0.3,0.8,0.9,9.7,Yes,12.2,3.7
Nicolas Batum,PF,78,21.9,2.1,4.9,0.42,1.6,4.1,0.391,0.5,0.8,0.563,0.583,0.4,0.6,0.708,0.8,3.0,3.8,1.6,0.7,0.6,0.6,1.9,6.1,Yes,8.5,4.3
Malik Beasley,SG,81,25.8,4.6,11.6,0.395,2.9,8.1,0.357,1.7,3.4,0.484,0.52,0.6,0.8,0.769,0.4,3.1,3.5,1.5,0.8,0.1,1.1,1.3,12.7,Yes,14.6,4.0
Patrick Beverley,SG-PG,67,27.1,2.1,5.4,0.4,1.2,3.6,0.335,1.0,1.8,0.529,0.511,0.7,1.0,0.723,0.7,3.0,3.7,2.9,0.9,0.6,0.9,2.8,6.2,Yes,9.799999999999999,4.5
Saddiq Bey,SF,77,27.6,4.6,10.9,0.422,2.0,5.4,0.361,2.6,5.4,0.483,0.513,2.7,3.1,0.861,1.3,3.4,4.7,1.5,0.9,0.2,0.9,1.6,13.8,Yes,16.6,4.5
Bol Bol,PF,70,21.5,3.7,6.8,0.546,0.4,1.6,0.265,3.3,5.2,0.633,0.577,1.2,1.5,0.759,1.0,4.8,5.8,1.0,0.4,1.2,1.6,1.3,9.1,Yes,11.1,6.4
Chris Boucher,PF,76,20.0,3.4,7.0,0.493,0.8,2.5,0.328,2.6,4.5,0.585,0.552,1.7,2.2,0.762,2.1,3.5,5.5,0.4,0.6,0.8,0.5,1.9,9.4,Yes,11.9,4.9
Malaki Branham,SG,66,23.5,4.1,9.3,0.44,1.2,3.9,0.302,2.9,5.4,0.539,0.503,0.9,1.1,0.829,0.4,2.3,2.7,1.9,0.5,0.1,1.2,1.7,10.2,Yes,12.5,2.9
Mikal Bridges,SF-SG,83,35.7,7.1,15.3,0.468,2.0,5.3,0.382,5.1,9.9,0.514,0.535,3.8,4.3,0.895,1.0,3.4,4.4,3.3,1.1,0.7,1.5,1.9,20.1,Yes,24.400000000000002,5.2
Malcolm Brogdon,PG,67,26.0,5.3,10.9,0.484,2.0,4.4,0.444,3.3,6.5,0.51,0.574,2.4,2.7,0.87,0.6,3.6,4.2,3.7,0.7,0.3,1.5,1.6,14.9,Yes,19.200000000000003,4.6
Dillon Brooks,SF,73,30.3,5.4,13.6,0.396,2.0,6.0,0.326,3.4,7.6,0.451,0.468,1.6,2.1,0.779,0.6,2.7,3.3,2.6,0.9,0.2,1.4,3.3,14.3,Yes,17.500000000000004,3.8000000000000003
Bruce Brown,SF,80,28.5,4.5,9.3,0.483,1.1,3.2,0.358,3.3,6.1,0.548,0.545,1.5,1.9,0.758,0.8,3.3,4.1,3.4,1.1,0.6,1.5,2.4,11.5,Yes,15.700000000000001,5.0
Jaylen Brown,SF,67,35.9,10.1,20.6,0.491,2.4,7.3,0.335,7.7,13.4,0.576,0.55,3.9,5.1,0.765,1.2,5.7,6.9,3.5,1.1,0.4,2.9,2.6,26.6,Yes,31.3,7.2
Troy Brown Jr.,SF,76,24.5,2.6,6.1,0.43,1.4,3.7,0.381,1.2,2.4,0.505,0.545,0.4,0.5,0.872,0.8,3.2,4.1,1.3,0.8,0.2,0.6,1.6,7.1,Yes,9.200000000000001,4.2
Jalen Brunson,PG,68,35.0,8.6,17.6,0.491,2.0,4.7,0.416,6.7,12.8,0.519,0.547,4.8,5.8,0.829,0.6,3.0,3.5,6.2,0.9,0.2,2.1,2.2,24.0,Yes,30.8,4.1
Reggie Bullock,SF,78,30.3,2.5,6.0,0.409,1.9,5.1,0.38,0.5,0.9,0.562,0.569,0.3,0.5,0.703,0.4,3.2,3.6,1.4,0.7,0.2,0.5,2.1,7.2,Yes,9.0,4.1
Kentavious Caldwell-Pope,SG,76,31.3,3.8,8.3,0.462,1.8,4.2,0.423,2.1,4.1,0.502,0.569,1.4,1.6,0.824,0.5,2.3,2.7,2.4,1.5,0.5,1.1,1.9,10.8,Yes,13.700000000000001,4.3
Clint Capela,C,65,26.6,5.4,8.2,0.653,0.0,0.0,0.0,5.4,8.2,0.654,0.653,1.2,2.0,0.603,4.0,7.1,11.0,0.9,0.7,1.2,0.8,2.1,12.0,Yes,16.9,9.0
Jevon Carter,PG,81,22.3,3.0,7.0,0.423,1.8,4.2,0.421,1.2,2.8,0.425,0.549,0.4,0.5,0.816,0.4,2.1,2.5,2.4,0.8,0.4,1.0,2.0,8.0,Yes,10.8,3.3000000000000003
Alex Caruso,PG,67,23.5,1.9,4.3,0.455,0.8,2.3,0.364,1.1,2.0,0.556,0.551,0.9,1.1,0.808,0.6,2.3,2.9,2.9,1.5,0.7,1.1,2.4,5.6,Yes,9.1,4.5
Nic Claxton,C,76,29.9,5.4,7.7,0.705,0.0,0.0,0.0,5.4,7.7,0.708,0.705,1.8,3.2,0.541,2.4,6.8,9.2,1.9,0.9,2.5,1.3,2.8,12.6,Yes,16.9,10.2
John Collins,PF,71,30.0,5.1,10.0,0.508,1.0,3.4,0.292,4.1,6.6,0.619,0.557,2.0,2.5,0.803,1.1,5.4,6.5,1.2,0.6,1.0,1.1,3.1,13.1,Yes,15.399999999999999,7.0
Mike Conley,PG,67,30.3,3.9,9.1,0.428,2.0,5.2,0.385,1.9,3.9,0.486,0.539,2.1,2.5,0.834,0.5,2.2,2.7,6.7,1.1,0.2,1.5,2.1,11.9,Yes,19.1,3.5
Torrey Craig,PF,79,24.7,2.9,6.3,0.456,1.3,3.2,0.395,1.6,3.1,0.518,0.556,0.4,0.6,0.711,1.8,3.6,5.4,1.5,0.6,0.8,0.9,2.3,7.4,Yes,10.700000000000001,5.0
DeMar DeRozan,SF,74,36.2,8.9,17.6,0.504,0.6,1.9,0.324,8.3,15.7,0.526,0.522,6.2,7.1,0.872,0.5,4.2,4.6,5.1,1.1,0.5,2.1,2.5,24.5,Yes,30.1,5.800000000000001
Spencer Dinwiddie,SG-PG,79,34.5,5.8,13.3,0.438,2.3,6.2,0.369,3.5,7.1,0.498,0.524,3.4,4.2,0.812,0.4,3.1,3.4,6.5,0.8,0.3,1.8,2.4,17.3,Yes,24.2,4.2
Donte DiVincenzo,SG,72,26.3,3.3,7.5,0.435,2.1,5.3,0.397,1.2,2.3,0.525,0.574,0.8,1.0,0.817,1.1,3.4,4.5,3.5,1.3,0.1,1.6,1.8,9.4,Yes,14.0,4.8
Luka Dončić,PG,66,36.2,10.9,22.0,0.496,2.8,8.2,0.342,8.1,13.8,0.588,0.56,7.8,10.5,0.742,0.8,7.8,8.6,8.0,1.4,0.5,3.6,2.5,32.4,Yes,41.199999999999996,9.7
Luguentz Dort,SF,74,30.7,4.6,11.8,0.388,1.8,5.5,0.33,2.8,6.3,0.44,0.466,2.7,3.5,0.772,1.7,2.9,4.6,2.1,1.0,0.3,1.2,3.3,13.7,Yes,17.5,4.2
Ayo Dosunmu,SG,80,26.2,3.5,7.1,0.493,0.7,2.4,0.312,2.8,4.8,0.583,0.545,0.8,1.0,0.805,0.6,2.2,2.8,2.6,0.8,0.3,1.2,2.3,8.6,Yes,11.799999999999999,3.3000000000000003
Jalen Duren,C,67,24.9,3.9,5.9,0.648,0.0,0.0,0.0,3.9,5.9,0.652,0.648,1.4,2.3,0.611,3.4,5.5,8.9,1.1,0.7,0.9,1.4,2.7,9.1,Yes,13.6,7.1
Tari Eason,PF,82,21.5,3.6,8.0,0.448,0.7,2.1,0.343,2.9,6.0,0.486,0.493,1.3,1.8,0.752,2.4,3.7,6.0,1.1,1.2,0.6,1.2,2.3,9.3,Yes,12.8,5.5
Anthony Edwards,SG,79,36.0,8.9,19.5,0.459,2.7,7.3,0.369,6.3,12.2,0.513,0.528,4.0,5.3,0.756,0.6,5.2,5.8,4.4,1.6,0.7,3.3,2.4,24.6,Yes,29.6,7.5
Joel Embiid,C,66,34.6,11.0,20.1,0.548,1.0,3.0,0.33,10.0,17.1,0.587,0.573,10.0,11.7,0.857,1.7,8.4,10.2,4.2,1.0,1.7,3.4,3.1,33.1,Yes,39.00000000000001,11.100000000000001
Drew Eubanks,C,78,20.3,2.7,4.3,0.641,0.1,0.2,0.389,2.7,4.1,0.655,0.651,1.1,1.6,0.664,1.7,3.7,5.4,1.3,0.5,1.3,0.9,2.2,6.6,Yes,9.6,5.5
Dorian Finney-Smith,PF,66,30.4,3.0,7.6,0.391,1.7,5.1,0.337,1.2,2.5,0.503,0.505,0.7,0.9,0.763,1.7,3.1,4.8,1.5,0.8,0.5,0.9,2.2,8.3,Yes,11.5,4.4
De'Aaron Fox,PG,73,33.4,9.3,18.2,0.512,1.6,5.0,0.324,7.7,13.2,0.584,0.557,4.7,6.0,0.78,0.5,3.6,4.2,6.1,1.1,0.3,2.5,2.4,25.0,Yes,31.6,5.0
Daniel Gafford,C,78,20.6,3.7,5.1,0.732,0.0,0.0,,3.7,5.1,0.732,0.732,1.6,2.4,0.679,2.1,3.5,5.6,1.1,0.4,1.3,1.1,2.4,9.0,Yes,12.2,5.2
Darius Garland,PG,69,35.5,7.6,16.4,0.462,2.4,6.0,0.41,5.1,10.4,0.492,0.537,4.0,4.7,0.863,0.4,2.3,2.7,7.8,1.2,0.1,2.9,2.1,21.6,Yes,29.8,3.5999999999999996
Josh Giddey,PF,76,31.1,7.1,14.7,0.482,1.0,3.1,0.325,6.1,11.6,0.524,0.516,1.4,1.9,0.731,1.9,5.9,7.9,6.2,0.8,0.4,2.8,1.9,16.6,Yes,24.7,7.1000000000000005
Shai Gilgeous-Alexander,PG,68,35.5,10.4,20.3,0.51,0.9,2.5,0.345,9.5,17.8,0.533,0.531,9.8,10.9,0.905,0.9,4.0,4.8,5.5,1.6,1.0,2.8,2.8,31.4,Yes,37.8,6.6
Rudy Gobert,C,70,30.7,5.1,7.8,0.659,0.0,0.0,0.0,5.1,7.8,0.663,0.659,3.1,4.9,0.644,3.3,8.3,11.6,1.2,0.8,1.4,1.7,3.0,13.4,Yes,17.9,10.5
Aaron Gordon,PF,68,30.2,6.3,11.2,0.564,0.9,2.5,0.347,5.4,8.6,0.628,0.603,2.8,4.6,0.608,2.4,4.1,6.6,3.0,0.8,0.8,1.4,1.9,16.3,Yes,21.7,5.699999999999999
Eric Gordon,SG,69,28.5,4.2,9.5,0.446,1.9,5.2,0.371,2.3,4.3,0.535,0.547,2.1,2.5,0.821,0.2,1.7,1.9,2.7,0.6,0.4,1.5,1.1,12.4,Yes,15.3,2.7
Draymond Green,PF,73,31.5,3.4,6.5,0.527,0.5,1.8,0.305,2.9,4.7,0.612,0.57,1.1,1.5,0.713,0.9,6.3,7.2,6.8,1.0,0.8,2.8,3.1,8.5,Yes,16.2,8.1
Jalen Green,SG,76,34.2,7.4,17.9,0.416,2.5,7.3,0.338,5.0,10.6,0.471,0.485,4.8,6.1,0.786,0.6,3.2,3.7,3.7,0.8,0.2,2.6,1.7,22.1,Yes,26.400000000000002,4.2
Quentin Grimes,SG,71,29.9,4.0,8.5,0.468,2.2,5.7,0.386,1.8,2.7,0.641,0.599,1.1,1.4,0.796,0.7,2.5,3.2,2.1,0.7,0.4,1.0,2.5,11.3,Yes,14.1,3.6
Tim Hardaway Jr.,SF,71,30.3,4.8,11.9,0.401,3.0,7.7,0.385,1.8,4.2,0.431,0.527,1.8,2.3,0.77,0.3,3.2,3.5,1.8,0.7,0.2,0.8,1.7,14.4,Yes,16.5,4.1
Joe Harris,SF,74,20.6,2.7,5.9,0.457,1.9,4.5,0.426,0.8,1.4,0.551,0.618,0.2,0.4,0.643,0.3,1.9,2.2,1.4,0.5,0.2,0.6,1.9,7.6,Yes,9.3,2.5999999999999996
Tobias Harris,SF,74,32.9,5.7,11.4,0.501,1.7,4.4,0.389,4.0,7.0,0.57,0.575,1.5,1.7,0.876,0.9,4.8,5.7,2.5,0.9,0.5,1.2,2.0,14.7,Yes,18.099999999999998,6.199999999999999
Josh Hart,SF,76,32.3,3.6,6.8,0.529,0.8,2.2,0.372,2.8,4.7,0.601,0.588,1.7,2.3,0.75,1.9,5.9,7.8,3.8,1.2,0.3,1.5,2.6,9.8,Yes,15.500000000000002,7.4
Killian Hayes,PG,76,28.3,4.0,10.7,0.377,1.1,3.8,0.28,3.0,7.0,0.429,0.426,1.2,1.5,0.821,0.4,2.5,2.9,6.2,1.4,0.4,2.3,2.9,10.3,Yes,16.9,4.3
Tyler Herro,SG,67,34.9,7.3,16.6,0.439,3.0,8.0,0.378,4.2,8.5,0.497,0.531,2.5,2.7,0.934,0.4,5.0,5.4,4.2,0.8,0.2,2.4,1.5,20.1,Yes,24.7,6.0
Buddy Hield,SF,80,31.0,5.9,13.0,0.458,3.6,8.5,0.425,2.3,4.5,0.518,0.596,1.3,1.6,0.822,0.8,4.2,5.0,2.8,1.2,0.3,1.7,2.0,16.8,Yes,20.400000000000002,5.7
Jrue Holiday,PG,67,32.6,7.3,15.3,0.479,2.4,6.1,0.384,5.0,9.1,0.542,0.556,2.3,2.6,0.859,1.2,3.9,5.1,7.4,1.2,0.4,2.9,1.7,19.3,Yes,27.900000000000002,5.5
Talen Horton-Tucker,SG,65,20.2,4.0,9.4,0.419,0.9,3.1,0.286,3.1,6.3,0.485,0.467,1.9,2.6,0.75,0.6,2.6,3.2,3.8,0.6,0.4,1.9,1.7,10.7,Yes,15.1,3.6
Kevin Huerter,SG,75,29.4,5.6,11.5,0.485,2.7,6.8,0.402,2.9,4.7,0.604,0.603,1.3,1.7,0.725,0.6,2.8,3.3,2.9,1.1,0.3,1.3,2.4,15.2,Yes,18.7,4.2
De'Andre Hunter,SF,67,31.7,5.7,12.3,0.461,1.5,4.3,0.35,4.2,8.0,0.521,0.522,2.6,3.1,0.826,0.7,3.6,4.2,1.4,0.5,0.3,1.2,3.0,15.4,Yes,17.5,4.4
Jaden Ivey,SG,74,31.1,5.5,13.3,0.416,1.6,4.7,0.343,3.9,8.6,0.457,0.477,3.6,4.8,0.747,1.0,2.9,3.9,5.2,0.8,0.2,3.2,3.3,16.3,Yes,22.5,3.9
Reggie Jackson,PG,68,24.4,3.9,9.4,0.411,1.4,4.2,0.333,2.5,5.2,0.474,0.486,1.0,1.1,0.91,0.4,1.8,2.1,3.4,0.7,0.1,1.7,1.7,10.2,Yes,14.0,2.6
Nikola Jokić,C,69,33.7,9.4,14.8,0.632,0.8,2.2,0.383,8.5,12.7,0.675,0.66,4.9,6.0,0.822,2.4,9.4,11.8,9.8,1.3,0.7,3.6,2.5,24.5,Yes,36.699999999999996,11.4
Herbert Jones,PF,66,29.6,3.6,7.6,0.469,0.8,2.5,0.335,2.7,5.1,0.536,0.525,1.9,2.4,0.764,1.5,2.6,4.1,2.5,1.6,0.6,1.3,3.2,9.8,Yes,13.8,4.800000000000001
Tre Jones,PG,68,29.2,5.0,10.9,0.459,0.7,2.3,0.285,4.4,8.6,0.506,0.489,2.2,2.5,0.86,0.8,2.8,3.6,6.6,1.3,0.1,1.6,1.4,12.9,Yes,20.3,4.2
Tyus Jones,PG,80,24.3,3.9,8.9,0.438,1.5,4.1,0.371,2.4,4.8,0.495,0.523,1.0,1.3,0.8,0.4,2.2,2.5,5.2,1.0,0.1,0.9,0.4,10.3,Yes,15.9,3.3000000000000003
Walker Kessler,C,74,23.0,4.0,5.6,0.72,0.0,0.0,0.333,4.0,5.6,0.723,0.721,1.1,2.1,0.516,3.1,5.3,8.4,0.9,0.4,2.3,0.8,2.3,9.2,Yes,13.2,8.0
Corey Kispert,SF,74,28.3,3.9,7.9,0.497,2.2,5.2,0.424,1.7,2.7,0.637,0.637,1.0,1.2,0.852,0.4,2.4,2.8,1.2,0.4,0.1,0.7,1.3,11.1,Yes,12.7,2.9
John Konchar,SF,72,20.8,1.9,4.4,0.431,0.8,2.5,0.339,1.1,2.0,0.545,0.525,0.4,0.5,0.778,0.9,3.4,4.3,1.4,1.1,0.3,0.5,1.6,5.1,Yes,7.4,4.8
Jonathan Kuminga,PF,67,20.8,3.9,7.4,0.525,0.8,2.2,0.37,3.1,5.2,0.59,0.579,1.3,2.1,0.652,1.0,2.4,3.4,1.9,0.6,0.5,1.4,2.3,9.9,Yes,12.8,3.5
Zach LaVine,SG,77,35.9,8.7,18.0,0.485,2.6,7.1,0.375,6.1,11.0,0.556,0.558,4.7,5.6,0.848,0.5,3.9,4.5,4.2,0.9,0.2,2.5,2.1,24.8,Yes,29.5,5.0
Damion Lee,SG,74,20.4,2.7,6.1,0.442,1.5,3.3,0.445,1.2,2.8,0.439,0.564,1.3,1.4,0.904,0.5,2.5,3.0,1.3,0.4,0.1,1.1,1.6,8.2,Yes,10.0,3.0
Caris LeVert,SG,74,30.2,4.3,10.0,0.431,1.7,4.4,0.392,2.6,5.6,0.462,0.517,1.8,2.4,0.722,0.7,3.1,3.8,3.9,1.0,0.3,1.6,2.3,12.1,Yes,16.7,4.4
Kevon Looney,C,82,23.9,3.0,4.7,0.63,0.0,0.0,0.0,3.0,4.7,0.632,0.63,1.1,1.9,0.606,3.3,5.9,9.3,2.5,0.6,0.6,0.5,2.7,7.0,Yes,12.8,7.1000000000000005
Brook Lopez,C,78,30.4,6.1,11.5,0.531,1.7,4.7,0.374,4.4,6.9,0.637,0.606,1.9,2.4,0.784,2.0,4.7,6.7,1.3,0.5,2.5,1.4,2.6,15.9,Yes,19.2,7.7
Terance Mann,SG,81,23.1,3.4,6.5,0.519,1.0,2.4,0.389,2.4,4.0,0.598,0.593,1.1,1.5,0.78,1.0,2.5,3.4,2.3,0.5,0.3,1.0,1.8,8.8,Yes,12.100000000000001,3.3
Lauri Markkanen,PF,66,34.4,8.7,17.3,0.499,3.0,7.7,0.391,5.6,9.6,0.585,0.586,5.3,6.0,0.875,2.0,6.7,8.6,1.9,0.6,0.6,1.9,2.1,25.6,Yes,29.5,7.9
Naji Marshall,SF,77,23.3,3.2,7.4,0.433,0.9,2.8,0.303,2.4,4.6,0.513,0.49,1.8,2.3,0.789,0.6,3.0,3.6,2.5,0.7,0.2,1.3,1.5,9.1,Yes,12.2,3.9
Caleb Martin,SF,71,29.3,3.6,7.7,0.464,1.2,3.3,0.356,2.4,4.4,0.545,0.54,1.3,1.6,0.805,1.2,3.6,4.8,1.6,1.0,0.4,1.1,2.0,9.6,Yes,12.399999999999999,5.0
Kenyon Martin Jr.,SF,82,28.0,5.0,8.8,0.569,0.8,2.6,0.315,4.2,6.1,0.679,0.617,1.8,2.7,0.68,1.5,4.0,5.5,1.5,0.5,0.4,1.1,1.8,12.7,Yes,15.7,4.9
Bennedict Mathurin,SG,78,28.5,5.3,12.2,0.434,1.3,4.0,0.323,4.0,8.2,0.488,0.487,4.8,5.8,0.828,1.1,3.0,4.1,1.5,0.6,0.2,1.9,2.1,16.7,Yes,19.3,3.8
CJ McCollum,SG,75,35.3,7.8,17.9,0.437,2.8,7.2,0.389,5.0,10.7,0.469,0.515,2.4,3.2,0.769,0.7,3.6,4.4,5.7,0.9,0.5,2.4,2.0,20.9,Yes,27.299999999999997,5.0
T.J. McConnell,PG,75,20.3,3.8,6.9,0.543,0.3,0.8,0.441,3.4,6.2,0.556,0.568,0.8,0.9,0.853,0.6,2.5,3.1,5.3,1.1,0.1,1.9,1.4,8.7,Yes,14.6,3.7
Jaden McDaniels,SF,79,30.6,4.7,9.1,0.517,1.4,3.4,0.398,3.3,5.7,0.588,0.591,1.3,1.8,0.736,1.2,2.7,3.9,1.9,0.9,1.0,1.4,3.4,12.1,Yes,15.2,4.6
Jalen McDaniels,SF,80,23.9,3.5,7.7,0.455,1.0,2.9,0.332,2.6,4.8,0.53,0.518,1.5,1.7,0.841,0.8,3.5,4.3,1.6,1.0,0.4,1.2,2.6,9.4,Yes,11.8,4.9
De'Anthony Melton,SG,77,27.9,3.6,8.5,0.425,2.0,5.2,0.39,1.6,3.2,0.484,0.546,0.9,1.1,0.793,0.9,3.2,4.1,2.6,1.6,0.5,1.3,2.5,10.1,Yes,13.6,5.300000000000001
Shake Milton,SG,76,20.6,3.2,6.6,0.479,0.7,1.9,0.378,2.4,4.7,0.521,0.535,1.3,1.5,0.853,0.5,2.0,2.5,3.2,0.3,0.2,1.2,1.6,8.4,Yes,12.100000000000001,2.5
Donovan Mitchell,SG,68,35.8,10.0,20.6,0.484,3.6,9.3,0.386,6.4,11.3,0.566,0.572,4.7,5.4,0.867,0.9,3.3,4.3,4.4,1.5,0.4,2.6,2.5,28.3,Yes,33.6,5.199999999999999
Evan Mobley,PF,79,34.4,6.6,12.0,0.554,0.3,1.3,0.216,6.4,10.7,0.595,0.566,2.6,3.8,0.674,2.4,6.6,9.0,2.8,0.8,1.5,1.8,2.8,16.2,Yes,21.4,8.899999999999999
Malik Monk,SG,77,22.3,4.6,10.3,0.448,1.9,5.2,0.359,2.8,5.2,0.538,0.538,2.4,2.7,0.889,0.4,2.2,2.6,3.9,0.6,0.3,1.9,1.6,13.5,Yes,17.799999999999997,3.1
Marcus Morris,PF,65,28.1,4.2,9.9,0.426,1.7,4.7,0.364,2.5,5.2,0.484,0.513,1.0,1.3,0.782,0.4,3.5,4.0,1.8,0.6,0.3,0.9,2.1,11.2,Yes,13.4,4.4
Trey Murphy III,SF,79,31.0,4.9,10.1,0.484,2.6,6.3,0.406,2.3,3.8,0.611,0.61,2.2,2.4,0.905,0.7,2.8,3.6,1.4,1.1,0.5,0.8,2.0,14.5,Yes,16.6,4.4
Dejounte Murray,SG,74,36.4,8.3,17.8,0.464,1.8,5.2,0.344,6.5,12.6,0.514,0.514,2.1,2.6,0.832,0.7,4.5,5.3,6.1,1.5,0.3,2.2,1.4,20.5,Yes,27.3,6.3
Jamal Murray,PG,65,32.8,7.3,16.0,0.454,2.6,6.6,0.398,4.6,9.4,0.494,0.537,2.8,3.3,0.833,0.7,3.2,4.0,6.2,1.0,0.2,2.2,1.6,20.0,Yes,26.9,4.4
Keegan Murray,SF,80,29.8,4.4,9.8,0.453,2.6,6.3,0.411,1.9,3.5,0.527,0.584,0.8,1.0,0.765,1.1,3.5,4.6,1.2,0.8,0.5,0.8,2.0,12.2,Yes,14.499999999999998,4.8
Larry Nance Jr.,C,65,21.2,2.9,4.7,0.61,0.2,0.6,0.333,2.6,4.0,0.654,0.633,0.8,1.2,0.696,1.6,3.8,5.4,1.8,0.9,0.6,0.6,2.0,6.8,Yes,10.2,5.3
Andrew Nembhard,SG,75,27.6,3.8,8.6,0.441,1.2,3.5,0.35,2.6,5.1,0.504,0.512,0.7,0.8,0.79,0.5,2.2,2.7,4.5,0.9,0.2,1.7,2.4,9.5,Yes,14.5,3.3000000000000003
Aaron Nesmith,SF,73,24.9,3.5,8.1,0.427,1.6,4.3,0.366,1.9,3.8,0.496,0.525,1.6,1.9,0.838,0.8,2.9,3.8,1.3,0.8,0.5,1.0,3.2,10.1,Yes,12.200000000000001,4.2
Royce O'Neale,SF,76,31.7,3.0,7.8,0.386,2.1,5.5,0.389,0.9,2.3,0.379,0.524,0.7,0.9,0.725,0.7,4.3,5.1,3.7,0.9,0.6,1.5,3.1,8.8,Yes,13.2,5.8
Onyeka Okongwu,C,80,23.1,4.0,6.2,0.638,0.1,0.2,0.308,3.9,6.1,0.647,0.642,1.9,2.5,0.781,2.7,4.5,7.2,1.0,0.7,1.3,1.0,3.1,9.9,Yes,13.600000000000001,6.5
Isaac Okoro,SF,76,21.7,2.3,4.7,0.494,0.8,2.3,0.363,1.5,2.4,0.617,0.582,1.0,1.4,0.757,0.7,1.8,2.5,1.1,0.7,0.4,0.6,2.1,6.4,Yes,8.2,2.9000000000000004
Kelly Olynyk,C,68,28.6,4.1,8.2,0.499,1.4,3.5,0.394,2.7,4.7,0.576,0.583,2.9,3.4,0.853,1.2,5.0,6.2,3.7,0.9,0.5,2.5,3.4,12.5,Yes,17.4,6.4
Cedi Osman,SF,77,20.1,3.1,6.9,0.451,1.5,4.1,0.372,1.6,2.8,0.564,0.56,1.0,1.4,0.694,0.3,2.0,2.3,1.5,0.5,0.1,0.7,1.6,8.7,Yes,10.5,2.6
Mason Plumlee,C,79,26.0,4.2,6.1,0.68,0.0,0.0,,4.2,6.1,0.68,0.68,2.5,4.0,0.636,2.9,6.0,8.9,3.1,0.6,0.6,1.5,2.7,10.8,Yes,16.8,7.2
Jakob Poeltl,C,72,26.5,5.4,8.6,0.629,0.0,0.0,0.0,5.4,8.6,0.63,0.629,1.7,2.8,0.592,3.3,5.8,9.1,2.7,0.9,1.2,1.7,2.7,12.5,Yes,18.5,7.9
Jordan Poole,PG,82,30.0,6.7,15.6,0.43,2.6,7.8,0.336,4.1,7.8,0.524,0.514,4.4,5.1,0.87,0.4,2.4,2.7,4.5,0.8,0.3,3.1,2.6,20.4,Yes,25.299999999999997,3.5
Bobby Portis,PF,70,26.0,5.7,11.5,0.496,1.4,3.7,0.37,4.3,7.8,0.555,0.555,1.4,1.8,0.768,2.2,7.4,9.6,1.5,0.4,0.2,1.2,1.6,14.1,Yes,17.8,8.0
Kristaps Porziņģis,C,65,32.6,7.8,15.7,0.498,2.1,5.5,0.385,5.7,10.2,0.559,0.565,5.4,6.4,0.851,1.8,6.6,8.4,2.7,0.9,1.5,2.1,3.0,23.2,Yes,27.7,9.0
Immanuel Quickley,SG,81,28.9,5.2,11.6,0.448,2.1,5.6,0.37,3.1,6.0,0.521,0.537,2.5,3.1,0.819,0.7,3.4,4.2,3.4,1.0,0.2,1.2,2.0,14.9,Yes,19.0,4.6
Julius Randle,PF,77,35.5,8.5,18.6,0.459,2.8,8.3,0.343,5.7,10.3,0.553,0.536,5.2,6.9,0.757,1.8,8.1,10.0,4.1,0.6,0.3,2.8,3.0,25.1,Yes,31.000000000000004,9.0
Josh Richardson,SG,65,23.5,3.7,8.5,0.431,1.6,4.5,0.365,2.0,4.0,0.506,0.528,1.1,1.2,0.852,0.6,2.1,2.7,2.7,1.1,0.3,1.3,1.8,10.1,Yes,13.4,3.5
D'Angelo Russell,PG,71,32.5,6.3,13.4,0.469,2.7,6.9,0.396,3.5,6.5,0.548,0.572,2.5,3.0,0.829,0.5,2.5,3.0,6.2,1.0,0.4,2.6,2.0,17.8,Yes,24.5,3.9
Domantas Sabonis,C,79,34.6,7.3,11.9,0.615,0.4,1.1,0.373,6.9,10.8,0.639,0.632,4.1,5.5,0.742,3.2,9.1,12.3,7.3,0.8,0.5,2.9,3.5,19.1,Yes,29.6,10.4
Dennis Schröder,PG,66,30.1,4.1,9.8,0.415,1.1,3.4,0.329,3.0,6.4,0.461,0.472,3.3,3.8,0.857,0.3,2.2,2.5,4.5,0.8,0.2,1.7,2.2,12.6,Yes,17.400000000000002,3.2
Alperen Şengün,C,75,28.9,5.9,10.7,0.553,0.3,0.8,0.333,5.6,9.9,0.57,0.565,2.7,3.8,0.715,3.2,5.8,9.0,3.9,0.9,0.9,2.6,3.4,14.8,Yes,21.9,7.6
Shaedon Sharpe,SG,80,22.2,3.8,8.1,0.472,1.3,3.5,0.36,2.6,4.6,0.559,0.551,0.9,1.3,0.714,0.8,2.2,3.0,1.2,0.5,0.3,1.0,1.7,9.9,Yes,11.9,3.0
Pascal Siakam,PF,71,37.4,8.9,18.5,0.48,1.3,4.0,0.324,7.6,14.5,0.523,0.515,5.2,6.7,0.774,1.8,6.0,7.8,5.8,0.9,0.5,2.4,3.2,24.2,Yes,31.8,7.4
Jabari Smith Jr.,PF,79,31.0,4.6,11.3,0.408,1.5,4.9,0.307,3.1,6.3,0.487,0.475,2.1,2.6,0.786,1.5,5.7,7.2,1.3,0.5,0.9,1.3,2.9,12.8,Yes,15.600000000000001,7.1
Max Strus,SF,80,28.4,4.1,9.9,0.41,2.5,7.0,0.35,1.6,2.8,0.559,0.535,1.0,1.1,0.876,0.6,2.6,3.2,2.1,0.5,0.2,0.9,2.1,11.5,Yes,14.2,3.3
Jayson Tatum,SF,74,36.9,9.8,21.1,0.466,3.2,9.3,0.35,6.6,11.8,0.558,0.543,7.2,8.4,0.854,1.1,7.7,8.8,4.6,1.1,0.7,2.9,2.2,30.1,Yes,35.800000000000004,9.5
Klay Thompson,SF,69,33.0,7.9,18.1,0.436,4.4,10.6,0.412,3.6,7.6,0.47,0.556,1.7,1.9,0.879,0.6,3.6,4.1,2.4,0.7,0.4,1.8,1.9,21.9,Yes,24.9,4.7
Gary Trent Jr.,SG,66,32.1,6.1,14.2,0.433,2.5,6.8,0.369,3.6,7.3,0.493,0.522,2.6,3.1,0.839,0.5,2.2,2.6,1.6,1.6,0.2,0.8,1.5,17.4,Yes,19.5,4.0
P.J. Tucker,PF,75,25.6,1.3,3.0,0.427,0.7,1.9,0.393,0.5,1.1,0.482,0.549,0.3,0.3,0.826,1.3,2.7,3.9,0.8,0.5,0.2,0.6,2.4,3.5,Yes,5.6,3.4000000000000004
Jonas Valančiūnas,C,79,24.9,5.6,10.3,0.547,0.5,1.4,0.349,5.2,8.9,0.577,0.57,2.3,2.8,0.826,2.8,7.3,10.2,1.8,0.3,0.7,2.0,3.1,14.1,Yes,18.7,8.3
Jarred Vanderbilt,PF,78,24.1,3.2,5.8,0.548,0.4,1.2,0.322,2.8,4.6,0.604,0.58,1.2,1.8,0.691,2.2,5.3,7.5,2.4,1.1,0.3,1.2,2.4,7.9,Yes,12.5,6.7
Fred VanVleet,PG,69,36.7,6.3,16.1,0.393,3.0,8.8,0.342,3.3,7.3,0.455,0.486,3.7,4.1,0.898,0.4,3.6,4.1,7.2,1.8,0.6,2.0,2.8,19.3,Yes,26.9,6.0
Gabe Vincent,PG,68,25.9,3.4,8.3,0.402,1.7,5.1,0.334,1.6,3.2,0.512,0.505,1.0,1.1,0.872,0.4,1.7,2.1,2.5,0.9,0.1,1.4,2.3,9.4,Yes,12.3,2.7
Nikola Vučević,C,82,33.5,7.3,14.0,0.52,1.5,4.2,0.349,5.8,9.8,0.594,0.573,1.6,1.9,0.835,1.9,9.1,11.0,3.2,0.7,0.7,1.7,2.2,17.6,Yes,22.7,10.5
Franz Wagner,SF,80,32.6,6.8,14.0,0.485,1.6,4.5,0.361,5.2,9.5,0.544,0.543,3.4,4.0,0.842,0.9,3.2,4.1,3.5,1.0,0.2,2.1,2.3,18.6,Yes,23.0,4.4
P.J. Washington,PF,73,32.6,5.9,13.4,0.444,2.0,5.9,0.348,3.9,7.5,0.518,0.52,1.7,2.4,0.73,1.0,3.9,4.9,2.4,0.9,1.1,1.5,2.6,15.7,Yes,19.099999999999998,5.9
Russell Westbrook,PG,73,29.1,5.9,13.6,0.436,1.2,3.9,0.311,4.7,9.7,0.487,0.481,2.8,4.3,0.656,1.2,4.6,5.8,7.5,1.0,0.5,3.5,2.2,15.9,Yes,24.599999999999998,6.1
Coby White,SG,74,23.4,3.6,8.0,0.443,1.7,4.6,0.372,1.8,3.4,0.54,0.551,0.8,0.9,0.871,0.2,2.6,2.9,2.8,0.7,0.1,1.0,1.6,9.7,Yes,12.7,3.4
Derrick White,SG,82,28.3,4.3,9.2,0.462,1.8,4.8,0.381,2.5,4.5,0.548,0.56,2.0,2.3,0.875,0.6,2.9,3.6,3.9,0.7,0.9,1.2,2.2,12.4,Yes,16.900000000000002,4.5
Grant Williams,PF,79,25.9,2.7,6.0,0.454,1.5,3.7,0.395,1.3,2.3,0.546,0.575,1.2,1.5,0.77,1.1,3.5,4.6,1.7,0.5,0.4,1.0,2.4,8.1,Yes,10.899999999999999,4.4
Jalen Williams,SG,75,30.3,5.5,10.6,0.521,1.0,2.7,0.356,4.5,7.9,0.579,0.567,2.1,2.5,0.812,1.1,3.4,4.5,3.3,1.4,0.5,1.6,2.5,14.1,Yes,18.5,5.3
Patrick Williams,PF,82,28.3,3.8,8.3,0.464,1.4,3.4,0.415,2.4,4.9,0.498,0.549,1.1,1.3,0.857,1.0,3.0,4.0,1.2,0.9,0.9,1.2,1.8,10.2,Yes,12.399999999999999,4.8
Christian Wood,C,67,25.9,5.9,11.5,0.515,1.6,4.2,0.376,4.3,7.3,0.594,0.583,3.2,4.2,0.772,1.3,6.0,7.3,1.8,0.4,1.1,1.8,2.5,16.6,Yes,19.700000000000003,7.5
Trae Young,PG,73,34.8,8.2,19.0,0.429,2.1,6.3,0.335,6.1,12.7,0.476,0.485,7.8,8.8,0.886,0.8,2.2,3.0,10.2,1.1,0.1,4.1,1.4,26.2,Yes,37.199999999999996,3.4000000000000004
Ivica Zubac,C,76,28.6,4.3,6.8,0.634,0.0,0.0,0.0,4.3,6.7,0.637,0.634,2.2,3.1,0.697,3.1,6.8,9.9,1.0,0.4,1.3,1.5,2.9,10.8,Yes,14.9,8.5
